<Anims>
 <anim name="idle" root="sendi_rapier" numframes="1000" framerate="40">
  <frame idx="0" w="159" h="281" x="-11.985985" y="-34.995331">
   <element name="sendi_rapier" layername="sendi_rapier" frame="0" z_index="1" m_a="1.000000" m_b="0.000000" m_c="0.000000" m_d="1.000000" m_tx="-64.485985" m_ty="-121.495331"/>
  </frame>
  <frame idx="25" w="159" h="281" x="-11.985985" y="-34.995331">
   <element name="sendi_rapier" layername="sendi_rapier" frame="0" z_index="1" m_a="1.000000" m_b="0.000000" m_c="0.000000" m_d="1.000000" m_tx="-64.485985" m_ty="-121.495331"/>
  </frame>
  <frame idx="50" w="159" h="281" x="-11.985985" y="-34.995331">
   <element name="sendi_rapier" layername="sendi_rapier" frame="0" z_index="1" m_a="1.000000" m_b="0.000000" m_c="0.000000" m_d="1.000000" m_tx="-64.485985" m_ty="-121.495331"/>
  </frame>
  <frame idx="75" w="159" h="281" x="-11.985985" y="-34.995331">
   <element name="sendi_rapier" layername="sendi_rapier" frame="0" z_index="1" m_a="1.000000" m_b="0.000000" m_c="0.000000" m_d="1.000000" m_tx="-64.485985" m_ty="-121.495331"/>
  </frame>
  <frame idx="100" w="159" h="281" x="-11.985985" y="-34.995331">
   <element name="sendi_rapier" layername="sendi_rapier" frame="0" z_index="1" m_a="1.000000" m_b="0.000000" m_c="0.000000" m_d="1.000000" m_tx="-64.485985" m_ty="-121.495331"/>
  </frame>
  <frame idx="125" w="159" h="281" x="-11.985985" y="-34.995331">
   <element name="sendi_rapier" layername="sendi_rapier" frame="0" z_index="1" m_a="1.000000" m_b="0.000000" m_c="0.000000" m_d="1.000000" m_tx="-64.485985" m_ty="-121.495331"/>
  </frame>
  <frame idx="150" w="159" h="281" x="-11.985985" y="-34.995331">
   <element name="sendi_rapier" layername="sendi_rapier" frame="0" z_index="1" m_a="1.000000" m_b="0.000000" m_c="0.000000" m_d="1.000000" m_tx="-64.485985" m_ty="-121.495331"/>
  </frame>
  <frame idx="175" w="159" h="281" x="-11.985985" y="-34.995331">
   <element name="sendi_rapier" layername="sendi_rapier" frame="0" z_index="1" m_a="1.000000" m_b="0.000000" m_c="0.000000" m_d="1.000000" m_tx="-64.485985" m_ty="-121.495331"/>
  </frame>
  <frame idx="200" w="159" h="281" x="-11.985985" y="-34.995331">
   <element name="sendi_rapier" layername="sendi_rapier" frame="0" z_index="1" m_a="1.000000" m_b="0.000000" m_c="0.000000" m_d="1.000000" m_tx="-64.485985" m_ty="-121.495331"/>
  </frame>
  <frame idx="225" w="159" h="281" x="-11.985985" y="-34.995331">
   <element name="sendi_rapier" layername="sendi_rapier" frame="0" z_index="1" m_a="1.000000" m_b="0.000000" m_c="0.000000" m_d="1.000000" m_tx="-64.485985" m_ty="-121.495331"/>
  </frame>
  <frame idx="250" w="159" h="281" x="-11.985985" y="-34.995331">
   <element name="sendi_rapier" layername="sendi_rapier" frame="0" z_index="1" m_a="1.000000" m_b="0.000000" m_c="0.000000" m_d="1.000000" m_tx="-64.485985" m_ty="-121.495331"/>
  </frame>
  <frame idx="275" w="159" h="281" x="-11.985985" y="-34.995331">
   <element name="sendi_rapier" layername="sendi_rapier" frame="0" z_index="1" m_a="1.000000" m_b="0.000000" m_c="0.000000" m_d="1.000000" m_tx="-64.485985" m_ty="-121.495331"/>
  </frame>
  <frame idx="300" w="159" h="281" x="-11.985985" y="-34.995331">
   <element name="sendi_rapier" layername="sendi_rapier" frame="0" z_index="1" m_a="1.000000" m_b="0.000000" m_c="0.000000" m_d="1.000000" m_tx="-64.485985" m_ty="-121.495331"/>
  </frame>
  <frame idx="325" w="159" h="281" x="-11.985985" y="-34.995331">
   <element name="sendi_rapier" layername="sendi_rapier" frame="0" z_index="1" m_a="1.000000" m_b="0.000000" m_c="0.000000" m_d="1.000000" m_tx="-64.485985" m_ty="-121.495331"/>
  </frame>
  <frame idx="350" w="159" h="281" x="-11.985985" y="-34.995331">
   <element name="sendi_rapier" layername="sendi_rapier" frame="0" z_index="1" m_a="1.000000" m_b="0.000000" m_c="0.000000" m_d="1.000000" m_tx="-64.485985" m_ty="-121.495331"/>
  </frame>
  <frame idx="375" w="159" h="281" x="-11.985985" y="-34.995331">
   <element name="sendi_rapier" layername="sendi_rapier" frame="0" z_index="1" m_a="1.000000" m_b="0.000000" m_c="0.000000" m_d="1.000000" m_tx="-64.485985" m_ty="-121.495331"/>
  </frame>
  <frame idx="400" w="159" h="281" x="-11.985985" y="-34.995331">
   <element name="sendi_rapier" layername="sendi_rapier" frame="0" z_index="1" m_a="1.000000" m_b="0.000000" m_c="0.000000" m_d="1.000000" m_tx="-64.485985" m_ty="-121.495331"/>
  </frame>
  <frame idx="425" w="159" h="281" x="-11.985985" y="-34.995331">
   <element name="sendi_rapier" layername="sendi_rapier" frame="0" z_index="1" m_a="1.000000" m_b="0.000000" m_c="0.000000" m_d="1.000000" m_tx="-64.485985" m_ty="-121.495331"/>
  </frame>
  <frame idx="450" w="159" h="281" x="-11.985985" y="-34.995331">
   <element name="sendi_rapier" layername="sendi_rapier" frame="0" z_index="1" m_a="1.000000" m_b="0.000000" m_c="0.000000" m_d="1.000000" m_tx="-64.485985" m_ty="-121.495331"/>
  </frame>
  <frame idx="475" w="159" h="281" x="-11.985985" y="-34.995331">
   <element name="sendi_rapier" layername="sendi_rapier" frame="0" z_index="1" m_a="1.000000" m_b="0.000000" m_c="0.000000" m_d="1.000000" m_tx="-64.485985" m_ty="-121.495331"/>
  </frame>
  <frame idx="500" w="159" h="281" x="-11.985985" y="-34.995331">
   <element name="sendi_rapier" layername="sendi_rapier" frame="0" z_index="1" m_a="1.000000" m_b="0.000000" m_c="0.000000" m_d="1.000000" m_tx="-64.485985" m_ty="-121.495331"/>
  </frame>
  <frame idx="525" w="159" h="281" x="-11.985985" y="-34.995331">
   <element name="sendi_rapier" layername="sendi_rapier" frame="0" z_index="1" m_a="1.000000" m_b="0.000000" m_c="0.000000" m_d="1.000000" m_tx="-64.485985" m_ty="-121.495331"/>
  </frame>
  <frame idx="550" w="159" h="281" x="-11.985985" y="-34.995331">
   <element name="sendi_rapier" layername="sendi_rapier" frame="0" z_index="1" m_a="1.000000" m_b="0.000000" m_c="0.000000" m_d="1.000000" m_tx="-64.485985" m_ty="-121.495331"/>
  </frame>
  <frame idx="575" w="159" h="281" x="-11.985985" y="-34.995331">
   <element name="sendi_rapier" layername="sendi_rapier" frame="0" z_index="1" m_a="1.000000" m_b="0.000000" m_c="0.000000" m_d="1.000000" m_tx="-64.485985" m_ty="-121.495331"/>
  </frame>
  <frame idx="600" w="159" h="281" x="-11.985985" y="-34.995331">
   <element name="sendi_rapier" layername="sendi_rapier" frame="0" z_index="1" m_a="1.000000" m_b="0.000000" m_c="0.000000" m_d="1.000000" m_tx="-64.485985" m_ty="-121.495331"/>
  </frame>
  <frame idx="625" w="159" h="281" x="-11.985985" y="-34.995331">
   <element name="sendi_rapier" layername="sendi_rapier" frame="0" z_index="1" m_a="1.000000" m_b="0.000000" m_c="0.000000" m_d="1.000000" m_tx="-64.485985" m_ty="-121.495331"/>
  </frame>
  <frame idx="650" w="159" h="281" x="-11.985985" y="-34.995331">
   <element name="sendi_rapier" layername="sendi_rapier" frame="0" z_index="1" m_a="1.000000" m_b="0.000000" m_c="0.000000" m_d="1.000000" m_tx="-64.485985" m_ty="-121.495331"/>
  </frame>
  <frame idx="675" w="159" h="281" x="-11.985985" y="-34.995331">
   <element name="sendi_rapier" layername="sendi_rapier" frame="0" z_index="1" m_a="1.000000" m_b="0.000000" m_c="0.000000" m_d="1.000000" m_tx="-64.485985" m_ty="-121.495331"/>
  </frame>
  <frame idx="700" w="159" h="281" x="-11.985985" y="-34.995331">
   <element name="sendi_rapier" layername="sendi_rapier" frame="0" z_index="1" m_a="1.000000" m_b="0.000000" m_c="0.000000" m_d="1.000000" m_tx="-64.485985" m_ty="-121.495331"/>
  </frame>
  <frame idx="725" w="159" h="281" x="-11.985985" y="-34.995331">
   <element name="sendi_rapier" layername="sendi_rapier" frame="0" z_index="1" m_a="1.000000" m_b="0.000000" m_c="0.000000" m_d="1.000000" m_tx="-64.485985" m_ty="-121.495331"/>
  </frame>
  <frame idx="750" w="159" h="281" x="-11.985985" y="-34.995331">
   <element name="sendi_rapier" layername="sendi_rapier" frame="0" z_index="1" m_a="1.000000" m_b="0.000000" m_c="0.000000" m_d="1.000000" m_tx="-64.485985" m_ty="-121.495331"/>
  </frame>
  <frame idx="775" w="159" h="281" x="-11.985985" y="-34.995331">
   <element name="sendi_rapier" layername="sendi_rapier" frame="0" z_index="1" m_a="1.000000" m_b="0.000000" m_c="0.000000" m_d="1.000000" m_tx="-64.485985" m_ty="-121.495331"/>
  </frame>
  <frame idx="800" w="159" h="281" x="-11.985985" y="-34.995331">
   <element name="sendi_rapier" layername="sendi_rapier" frame="0" z_index="1" m_a="1.000000" m_b="0.000000" m_c="0.000000" m_d="1.000000" m_tx="-64.485985" m_ty="-121.495331"/>
  </frame>
  <frame idx="825" w="159" h="281" x="-11.985985" y="-34.995331">
   <element name="sendi_rapier" layername="sendi_rapier" frame="0" z_index="1" m_a="1.000000" m_b="0.000000" m_c="0.000000" m_d="1.000000" m_tx="-64.485985" m_ty="-121.495331"/>
  </frame>
  <frame idx="850" w="159" h="281" x="-11.985985" y="-34.995331">
   <element name="sendi_rapier" layername="sendi_rapier" frame="0" z_index="1" m_a="1.000000" m_b="0.000000" m_c="0.000000" m_d="1.000000" m_tx="-64.485985" m_ty="-121.495331"/>
  </frame>
  <frame idx="875" w="159" h="281" x="-11.985985" y="-34.995331">
   <element name="sendi_rapier" layername="sendi_rapier" frame="0" z_index="1" m_a="1.000000" m_b="0.000000" m_c="0.000000" m_d="1.000000" m_tx="-64.485985" m_ty="-121.495331"/>
  </frame>
  <frame idx="900" w="159" h="281" x="-11.985985" y="-34.995331">
   <element name="sendi_rapier" layername="sendi_rapier" frame="0" z_index="1" m_a="1.000000" m_b="0.000000" m_c="0.000000" m_d="1.000000" m_tx="-64.485985" m_ty="-121.495331"/>
  </frame>
  <frame idx="925" w="159" h="281" x="-11.985985" y="-34.995331">
   <element name="sendi_rapier" layername="sendi_rapier" frame="0" z_index="1" m_a="1.000000" m_b="0.000000" m_c="0.000000" m_d="1.000000" m_tx="-64.485985" m_ty="-121.495331"/>
  </frame>
  <frame idx="950" w="159" h="281" x="-11.985985" y="-34.995331">
   <element name="sendi_rapier" layername="sendi_rapier" frame="0" z_index="1" m_a="1.000000" m_b="0.000000" m_c="0.000000" m_d="1.000000" m_tx="-64.485985" m_ty="-121.495331"/>
  </frame>
  <frame idx="975" w="159" h="281" x="-11.985985" y="-34.995331">
   <element name="sendi_rapier" layername="sendi_rapier" frame="0" z_index="1" m_a="1.000000" m_b="0.000000" m_c="0.000000" m_d="1.000000" m_tx="-64.485985" m_ty="-121.495331"/>
  </frame>
 </anim>
</Anims>
